percent,FactorBT_acc_mean,FactorBT_acc_std,FactorBT_wacc_mean,FactorBT_wacc_std,FactorBT_tau_mean,FactorBT_tau_std
10,0.6953127920627594,0.0010717929281352776,0.7431359648704529,0.00130212303353002,0.36875598375785257,0.0020213585562600875
