percent,BARP_acc_mean,BARP_acc_std,BARP_wacc_mean,BARP_wacc_std,BARP_tau_mean,BARP_tau_std
10,0.7855277299880982,3.004356968897973e-05,0.8681366682052613,2.4787768079120493e-05,0.5663863067466289,5.959449882077662e-05
20,0.7807869851589203,2.796685819911869e-05,0.8648318648338318,2.701884530479696e-05,0.5569823258204403,5.545200818067467e-05
