percent,BARP_acc_mean,BARP_acc_std,BARP_wacc_mean,BARP_wacc_std,BARP_tau_mean,BARP_tau_std
10,0.7855277299880982,3.004356968897973e-05,0.8681366682052613,2.4787768079120493e-05,0.5663863067466289,5.959449882077662e-05
20,0.7807869851589203,2.796685819911869e-05,0.8648318648338318,2.701884530479696e-05,0.5569823258204403,5.545200818067467e-05
40,0.7678206861019135,3.0164699995583583e-05,0.8536912560462951,3.0616617242527584e-05,0.531261785008225,5.982184875449268e-05
60,0.7416430473327636,4.6575385222720334e-05,0.8278552651405334,5.0165346947030463e-05,0.47933456889848697,9.238504364413907e-05
80,0.6727598547935486,6.692655297744449e-05,0.7459427177906036,8.642729582275699e-05,0.3426946032219714,0.00013276604821143342
