percent,FactorBT_acc_mean,FactorBT_acc_std,FactorBT_wacc_mean,FactorBT_wacc_std,FactorBT_tau_mean,FactorBT_tau_std
10,0.7899576127529144,3.050750944906401e-05,0.8284351646900177,8.529377204268464e-05,0.575173865717335,6.053635325723755e-05
20,0.7879717290401459,0.00010716466743803073,0.8267888426780701,0.0001694069200721794,0.5712344025709268,0.00021258400823095664
