percent,PGEM_acc_mean,PGEM_acc_std,PGEM_wacc_mean,PGEM_wacc_std,PGEM_tau_mean,PGEM_tau_std
10,0.7911387640237808,0.00011767489356647868,0.8727615594863891,0.00010341067370445709,0.577516625254371,0.00023342906712360426
20,0.7909372973442078,0.0002477495652343203,0.8725904244184494,0.00023679355890125328,0.5771170006375822,0.0004914494026574868
40,0.7905064010620118,0.00010046275530157882,0.8722680187225342,9.357792590595504e-05,0.5762622613407808,0.00019930303658297386
60,0.7904941302537918,8.061339335379716e-05,0.8722977757453918,7.323963116894713e-05,0.5762379363078923,0.00015990226121458042
80,0.7903219217061996,6.128690968252672e-05,0.8721069669723511,5.121646249692169e-05,0.5758963655633365,0.00012154793574166527
