N,K,PGEM_acc_mean,PGEM_acc_std,PGEM_wacc_mean,PGEM_wacc_std,PGEM_tau_mean,PGEM_tau_std,BT_acc_mean,BT_acc_std,BT_wacc_mean,BT_wacc_std,BT_tau_mean,BT_tau_std,BARP_acc_mean,BARP_acc_std,BARP_wacc_mean,BARP_wacc_std,BARP_tau_mean,BARP_tau_std,RC_acc_mean,RC_acc_std,RC_wacc_mean,RC_wacc_std,RC_tau_mean,RC_tau_std,FactorBT_acc_mean,FactorBT_acc_std,FactorBT_wacc_mean,FactorBT_wacc_std,FactorBT_tau_mean,FactorBT_tau_std,CrowdBT_acc_mean,CrowdBT_acc_std,CrowdBT_wacc_mean,CrowdBT_wacc_std,CrowdBT_tau_mean,CrowdBT_tau_std
10,2,0.9666666686534882,0.0302254882178325,0.9966014862060547,0.004166578524941119,0.9333333333333332,0.060450980038824195,0.9733333349227905,0.02177324086028633,0.9975282907485962,0.0030801060696149813,0.9466666666666665,0.043546484316145384,0.8355555653572082,0.1033751347238104,0.8992866098880767,0.07776112757466584,0.671111111111111,0.20675028177089785,0.8755555570125579,0.29265915831096573,0.8975282907485962,0.2991908173776717,0.8511111111111109,0.2870109904550265,0.9622222244739532,0.03449816393543801,0.9942505121231079,0.008343539557795526,0.9244444444444444,0.06899633198337787,0.9666666686534882,0.0302254882178325,0.9966014862060547,0.004166578524941119,0.9333333333333332,0.060450980038824195
