N,K,Grad_acc_mean,Grad_acc_std,Grad_wacc_mean,Grad_wacc_std,Grad_tau_mean,Grad_tau_std
10,2,0.9655555576086045,0.05090538002782631,0.9938023239374161,0.03570491473917503,0.9311111111111109,0.10181076612404714
50,2,0.9388489788770675,0.04363998059531128,0.9871823883056641,0.03998692733146626,0.8776979591836735,0.08727995753372426
50,6,0.9390693873167038,0.014780030659638153,0.9898442363739014,0.006587366206572817,0.8781387755102039,0.02956005724943298
100,8,0.924846465587616,0.010144895836642513,0.9857506853342056,0.0036818110433303477,0.8496929292929294,0.020289788736875553
200,8,0.8770010048151016,0.01838165726567232,0.9627248471975327,0.010387112120236087,0.7540020100502512,0.03676331597502816
100,10,0.9223515146970749,0.013081163036573423,0.9829982656240464,0.008525300673560596,0.8447030303030303,0.026162327200664654
200,10,0.8759015089273453,0.016419910527124784,0.9642186552286148,0.008037440685727417,0.751803015075377,0.03283981789001759
200,50,0.8892276352643966,0.007461298021917767,0.9714819067716598,0.005884781502077289,0.7784552763819096,0.0149226004415884
500,50,0.8385768353939056,0.00966907949955176,0.9347646844387054,0.00955621403183426,0.6771536673346692,0.019338154126847647
