N,K,Grad_acc_mean,Grad_acc_std,Grad_wacc_mean,Grad_wacc_std,Grad_tau_mean,Grad_tau_std
10,2,0.9666666686534882,0.050917504686811596,0.9930667945742607,0.0593030244372969,0.9333333333333335,0.10183501544346311
50,2,0.9135918378829956,0.06623476181688948,0.9747640496492386,0.06575101703256897,0.8271836734693878,0.13246952452210925
50,6,0.9317142879962921,0.026341020951536703,0.9874103611707687,0.011708576903769646,0.8634285714285714,0.05268203600802512
100,8,0.924765659570694,0.011052854005023949,0.9863052332401275,0.00308614840675714,0.8495313131313132,0.022105707033263273
200,8,0.8937306553125381,0.0131689746592141,0.9724033135175705,0.00909190340389153,0.7874613065326632,0.026337948997310227
100,10,0.9245191872119903,0.011503503056956618,0.9846625351905822,0.005485176891110635,0.849038383838384,0.0230070167583804
200,10,0.8932030141353607,0.011553608862793965,0.9729427230358124,0.006959142065807531,0.7864060301507538,0.02310721552913421
200,50,0.8933170825242996,0.0041476262171506175,0.9739155369997025,0.00298330668125408,0.786634170854271,0.008295257177089182
500,50,0.8362598782777786,0.009341845881113354,0.9333838093280792,0.009351958030420318,0.6725197595190378,0.018683692860774273
