percent,BARP_acc_mean,BARP_acc_std,BARP_wacc_mean,BARP_wacc_std,BARP_tau_mean,BARP_tau_std
10,0.7873048782348633,1.5791789165740336e-05,0.8694862425327301,1.0478193099127295e-05,0.5699115653175011,3.13655436719326e-05
20,0.7850782930850982,2.5111903716645135e-05,0.8678958237171173,4.055339934047266e-05,0.5654947807671321,4.984123216960152e-05
40,0.7793999373912811,2.0482404873207888e-05,0.8632326483726501,1.7830800964161827e-05,0.5542308834880784,4.0626825106790055e-05
60,0.7737217962741851,3.281358907986508e-05,0.8583372473716736,3.508447262089497e-05,0.5429675078766616,6.51170899588009e-05
80,0.7673584520816803,3.753009901652532e-05,0.852438622713089,3.6702810051098216e-05,0.5303448775001481,7.44601706573717e-05
