percent,GradEM_acc_mean,GradEM_acc_std,GradEM_wacc_mean,GradEM_wacc_std,GradEM_tau_mean,GradEM_tau_std
10,0.791508799791336,5.588176531359451e-05,0.8730820298194886,5.4997233834408835e-05,0.5782506438149372,0.00011084835432946432
20,0.7914714395999909,5.4987047394618626e-05,0.8730696141719818,5.045014209386143e-05,0.5781765198680376,0.00010908697309827637
40,0.7914773166179657,8.858112734267195e-05,0.8731121718883514,7.390293952216848e-05,0.5781881977336673,0.00017572975524970223
60,0.7914282262325287,7.316102943218038e-05,0.8730589985847473,6.683452738733457e-05,0.5780908374534364,0.00014511918048466482
80,0.7914488255977631,4.977265117539335e-05,0.8730845987796784,5.2529620783377744e-05,0.5781316538867057,9.870715509790349e-05
