percent,PGEM_acc_mean,PGEM_acc_std,PGEM_wacc_mean,PGEM_wacc_std,PGEM_tau_mean,PGEM_tau_std
10,0.7917080265283585,0.0005620225952501275,0.8731854623556137,0.000490452338238013,0.5786458554185689,0.0011148434886990278
20,0.7916176968812942,0.0004372061765324033,0.873114389181137,0.0003714302986647344,0.578466677695509,0.0008672405140056939
40,0.7916122323274613,0.00021039665745813867,0.8731261712312698,0.0001929501584309675,0.5784558273510219,0.000417340521376909
60,0.7914760893583298,0.0004664304163920971,0.8730104875564575,0.0004030614160844316,0.578185800951045,0.0009251436516660469
80,0.7915419596433639,0.00020992134825607685,0.8730935597419739,0.00017911500561638895,0.5783164609867435,0.00041637641978711445
