N,K,PGEM_acc_mean,PGEM_acc_std,PGEM_wacc_mean,PGEM_wacc_std,PGEM_tau_mean,PGEM_tau_std,BT_acc_mean,BT_acc_std,BT_wacc_mean,BT_wacc_std,BT_tau_mean,BT_tau_std,BARP_acc_mean,BARP_acc_std,BARP_wacc_mean,BARP_wacc_std,BARP_tau_mean,BARP_tau_std,RC_acc_mean,RC_acc_std,RC_wacc_mean,RC_wacc_std,RC_tau_mean,RC_tau_std,FactorBT_acc_mean,FactorBT_acc_std,FactorBT_wacc_mean,FactorBT_wacc_std,FactorBT_tau_mean,FactorBT_tau_std,CrowdBT_acc_mean,CrowdBT_acc_std,CrowdBT_wacc_mean,CrowdBT_wacc_std,CrowdBT_tau_mean,CrowdBT_tau_std
10,2,0.9668888908624649,0.030387617500038887,0.9966014862060547,0.004166578524941119,0.9337777777777777,0.06077523862256429,0.9733333349227905,0.02177324086028633,0.9975282907485962,0.0030801060696149813,0.9466666666666665,0.043546484316145384,0.8355555653572082,0.1033751347238104,0.8992866098880767,0.07776112757466584,0.671111111111111,0.20675028177089785,0.8755555570125579,0.29265915831096573,0.8975282907485962,0.2991908173776717,0.8511111111111109,0.2870109904550265,0.9622222244739532,0.03449816393543801,0.9942505121231079,0.008343539557795526,0.9244444444444444,0.06899633198337787,0.9666666686534882,0.0302254882178325,0.9966014862060547,0.004166578524941119,0.9333333333333332,0.060450980038824195
50,2,0.9431999999284745,0.013489502099678422,0.9925067794322967,0.003833777881649676,0.8864,0.026978997801358047,0.940163254737854,0.01775412285991459,0.9904992461204529,0.007160496310222764,0.880326530612245,0.035508233583610445,0.940163254737854,0.01775412285991459,0.9904992461204529,0.007160496310222764,0.880326530612245,0.035508233583610445,0.9278367340564728,0.02583308788472428,0.9858173668384552,0.011656445671003704,0.855673469387755,0.0516661825471177,0.9008979618549346,0.04591820320150463,0.9758270800113678,0.022560522269511236,0.8022857142857143,0.09216453063971147,0.942938779592514,0.013914715233573476,0.9922295844554901,0.0038528477116225143,0.8858775510204084,0.02782943228175042
