percent,FactorBT_acc_mean,FactorBT_acc_std,FactorBT_wacc_mean,FactorBT_wacc_std,FactorBT_tau_mean,FactorBT_tau_std
10,0.6941568970680236,0.000680074370241138,0.7388967752456665,0.0013929986404765326,0.3665717175209475,0.0012839777781117599
