percent,PGEM_acc_mean,PGEM_acc_std,PGEM_wacc_mean,PGEM_wacc_std,PGEM_tau_mean,PGEM_tau_std
10,0.6898623019456863,0.0035275176599561765,0.7499176472425461,0.003821149324935942,0.35846354975418493,0.006659703369322577
20,0.6907209992408753,0.0010336809267019824,0.7502909219264984,0.0013990287270231967,0.36008478701133795,0.0019516029984113469
