percent,CrowdBT_acc_mean,CrowdBT_acc_std,CrowdBT_wacc_mean,CrowdBT_wacc_std,CrowdBT_tau_mean,CrowdBT_tau_std
10,0.7904783481359482,0.00026246075599679734,0.8723980176448822,0.00017164043995461964,0.5762065879013779,0.0005206270067768504
