percent,CrowdBT_acc_mean,CrowdBT_acc_std,CrowdBT_wacc_mean,CrowdBT_wacc_std,CrowdBT_tau_mean,CrowdBT_tau_std
10,0.7905529570579529,0.00022207072061952176,0.8724508619308472,0.00015236682014202628,0.5763545849841194,0.00044051162625603703
20,0.7905060064792633,0.0002749549241632611,0.8724200290441513,0.00017820360309367598,0.5762614510525682,0.0005454214537853909
40,0.7904780429601669,0.00022620841928574717,0.8724202471971512,0.00015391418887008117,0.5762059770978838,0.0004487160137204536
60,0.7904208385944367,0.00023208319280762496,0.8723740351200103,0.00016784587764328234,0.5760925129241615,0.0004603708637504544
80,0.7903655505180359,0.00023495502618416312,0.8723390311002731,0.00017934465454168158,0.5759828402005913,0.00046605709206641555
