percent,PGEM_acc_mean,PGEM_acc_std,PGEM_wacc_mean,PGEM_wacc_std,PGEM_tau_mean,PGEM_tau_std
10,0.7917332494258881,0.00035492374813556645,0.8732089704275131,0.00031394262536877277,0.5786959089826709,0.0007040228939307438
20,0.7917065614461899,0.0001587888706806884,0.8731950342655181,0.00014715071293845084,0.5786429428104933,0.00031496949612368165
40,0.7916310471296311,0.0002994036708881147,0.8731499058008194,0.00026756037433053187,0.5784931734540009,0.0005938984082932619
60,0.7915977323055268,0.00014468213350153893,0.873130339384079,0.00012069816956652418,0.5784270566058249,0.0002869942952279287
80,0.7914690846204757,0.0003069502753742205,0.87303231716156,0.000251777023278748,0.5781718779142743,0.0006088762482489882
