percent,BARP_acc_mean,BARP_acc_std,BARP_wacc_mean,BARP_wacc_std,BARP_tau_mean,BARP_tau_std
10,0.7868151307106018,0.00032587038417951174,0.869502866268158,0.00035485383278454225,0.5689400434412846,0.0006464183398484945
