percent,BARP_acc_mean,BARP_acc_std,BARP_wacc_mean,BARP_wacc_std,BARP_tau_mean,BARP_tau_std
10,0.7869891047477722,0.00039645866250365494,0.8696517646312714,0.00045069319842939504,0.5692851478406368,0.000786405563664451
20,0.7843497157096863,0.0007912524322103688,0.8676676332950592,0.000823398231297427,0.5640495310963922,0.0015696038723861435
