percent,GradEM_acc_mean,GradEM_acc_std,GradEM_wacc_mean,GradEM_wacc_std,GradEM_tau_mean,GradEM_tau_std
10,0.7914382159709931,9.324876250115823e-05,0.8730606496334076,8.950816010818527e-05,0.5781106088872295,0.00018497247456632685
20,0.7913261771202087,0.0001244899157665709,0.8729692041873932,0.00010949112516428356,0.57788834060934,0.0002469644365156589
40,0.7910504579544068,0.00017747947768901245,0.872780853509903,0.0001639256677107281,0.5773414909376337,0.00035205953308996263
60,0.790851891040802,0.0002162896700852176,0.8726072132587432,0.00019300712740821674,0.5769475735885649,0.0004290304253799374
80,0.7906038105487824,0.0001845491336884906,0.8724082291126252,0.00015967980221536732,0.5764554721562548,0.00036607585137241175
