percent,PGEM_acc_mean,PGEM_acc_std,PGEM_wacc_mean,PGEM_wacc_std,PGEM_tau_mean,PGEM_tau_std
10,0.7916519224643708,0.00016828755508805474,0.873143401145935,0.00017664612475396508,0.5785345494986034,0.0003338338412493323
