percent,PGEM_acc_mean,PGEM_acc_std,PGEM_wacc_mean,PGEM_wacc_std,PGEM_tau_mean,PGEM_tau_std
10,0.7916519224643708,0.00016828755508805474,0.873143401145935,0.00017664612475396508,0.5785345494986034,0.0003338338412493323
20,0.7915527760982514,0.0003570140626137062,0.8730867177248001,0.00030928714163582334,0.5783378990687614,0.0007081892739330576
