percent,PGEM_acc_mean,PGEM_acc_std,PGEM_wacc_mean,PGEM_wacc_std,PGEM_tau_mean,PGEM_tau_std
10,0.7916702067852021,0.0008237521039532221,0.8731606644392014,0.0006575466173385569,0.5785708304744968,0.0016340365945093282
