percent,CrowdBT_acc_mean,CrowdBT_acc_std,CrowdBT_wacc_mean,CrowdBT_wacc_std,CrowdBT_tau_mean,CrowdBT_tau_std
10,0.7904608064889908,0.00019579759063345205,0.8723637241125107,0.00015369892979652508,0.5761717844843601,0.0003883891053812155
