percent,BARP_acc_mean,BARP_acc_std,BARP_wacc_mean,BARP_wacc_std,BARP_tau_mean,BARP_tau_std
10,0.6764822244644165,0.00046083962031062166,0.7416943848133087,0.0005799903822481899,0.3332192644206438,0.0008688400757229142
20,0.6702615678310394,0.0013277912254951174,0.7303323209285736,0.001865412006053211,0.32146567409052634,0.0025011615910323836
40,0.6345074057579041,0.0007706471885575343,0.6863390207290649,0.0009163053093996994,0.25396840724439423,0.001454695274642629
60,0.6055230855941772,0.00030483294835435864,0.6484217166900634,0.0002957155225822863,0.19925450037684309,0.000575059703534819
80,0.5828371584415436,0.00020716317698168642,0.6187743604183197,0.00030315474713717947,0.15640520015522164,0.000389691113754504
