percent,BT_acc_mean,BT_acc_std,BT_wacc_mean,BT_wacc_std,BT_tau_mean,BT_tau_std
10,0.5611112892627717,6.447485450298684e-05,0.575590068101883,7.412588265937177e-05,0.11537919428538294,0.00012174497271047539
20,0.556480610370636,3.8046193365432405e-05,0.5694473445415497,3.4401934396128036e-05,0.10665547127812766,7.184854771269525e-05
40,0.5538760542869567,1.2807283740647925e-05,0.5655097901821137,2.2434628503212672e-05,0.10171895334306295,2.4184320694551573e-05
60,0.5529513359069824,1.357468795560415e-05,0.5640423059463501,1.4994808615399973e-05,0.09997306514672347,2.5642492818534868e-05
80,0.5530654072761536,1.2784100032036084e-05,0.5643298923969269,1.3394352007522815e-05,0.10018844218404484,2.4109097119808048e-05
