percent,GradEM_acc_mean,GradEM_acc_std,GradEM_wacc_mean,GradEM_wacc_std,GradEM_tau_mean,GradEM_tau_std
10,0.6954541444778443,0.0011070833205243302,0.7548375070095062,0.0009809574668802386,0.3690209165736726,0.002090190590817253
