percent,BT_acc_mean,BT_acc_std,BT_wacc_mean,BT_wacc_std,BT_tau_mean,BT_tau_std
10,0.785500556230545,3.08346672077637e-05,0.8681171000003814,2.6377953892718183e-05,0.5663324068317745,6.117170933886682e-05
20,0.780781888961792,2.7838358116179147e-05,0.8648279726505279,2.671039757028744e-05,0.5569722416636335,5.521760365366254e-05
40,0.7678205490112304,3.0234655674058774e-05,0.853691166639328,3.078395486239889e-05,0.5312614759174378,5.99738636796442e-05
60,0.7416436076164246,4.650882867180334e-05,0.8278560042381287,5.014888424371459e-05,0.4793356668574746,9.227968346839695e-05
80,0.672760146856308,6.703142724000976e-05,0.7459431707859039,8.656050364040569e-05,0.34269521060156116,0.00013292687851369854
